이름,나이,성별,잔여일수,사물함번호,비밀번호
임현우,57,남,60,9873,7791
장도윤,31,여,15,6572,3804
윤윤서,23,여,30,742,7847
임지후,57,남,15,15476,8186
김도윤,40,여,60,27274,9586
박수빈,23,남,0,29340,9392
윤하준,53,여,0,7768,2329
정서연,45,여,30,7349,3882
임윤서,31,남,15,16010,7403
임예은,55,남,0,9428,2899
박하준,38,남,15,17263,7107
장수빈,24,여,15,2886,6123
최예은,49,여,15,6716,3735
최서연,28,남,30,21444,0328
임지민,46,여,60,6875,0267
조수빈,27,남,15,7329,5262
장지민,47,남,30,16765,5204
이지후,27,남,0,339,1807
최수빈,57,남,60,28845,3176
이지민,29,남,30,13913,5965
강예은,57,남,0,11635,2481
최윤서,36,여,7,13813,2861
장서연,28,남,30,7635,9224
최지후,19,남,30,1575,6778
김서연,21,남,15,15818,9108
장현우,54,여,15,18321,2357
정지후,18,남,7,28223,9899
최하준,59,남,60,27409,6845
윤수빈,47,남,60,29143,6463
조현우,28,여,7,29302,2857
윤지민,54,남,60,5336,0544
강지민,33,여,60,25542,7263
김윤서,54,남,0,4245,1360
김지후,47,여,30,5007,1731
강윤서,38,남,30,26693,6134
조하준,20,남,7,18911,7544
조민수,31,남,7,2960,5319
윤민수,32,여,7,29397,1423
최지민,27,여,60,22018,9453
조지후,39,남,15,6174,1668
정윤서,25,여,15,9466,4611
김수빈,52,남,30,20739,7376
이윤서,48,남,30,2191,8174
이민수,54,남,60,9805,2387
김예은,19,남,30,16431,1016
임수빈,28,남,30,19142,1964
윤예은,35,남,30,6485,1173
박서연,19,남,7,27517,1367
정현우,45,남,7,20871,2907
임하준,32,남,60,6850,5830
박지후,57,여,60,28159,0740
이예은,58,여,7,896,8920
윤서연,28,남,7,6319,9324
윤도윤,47,남,60,10942,8616
이서연,32,남,30,17473,9312
장윤서,21,남,15,2758,2680
최도윤,43,남,15,3234,7615
강하준,50,여,7,20503,7293
장예은,47,여,30,5211,5036
박도윤,40,남,7,10845,9017
정수빈,39,남,0,13123,1555
강지후,49,남,7,27740,2513
박현우,58,남,30,25312,3919
김하준,40,남,30,5922,5531
박지민,51,남,15,1850,3707
김현우,42,여,30,15621,7806
김민수,19,여,60,4789,1578
임민수,37,남,30,16234,0405
조예은,20,남,30,29883,7069
박민수,45,여,0,9700,5740
정하준,53,남,15,17085,7210
정예은,33,남,7,17437,6460
정도윤,18,여,0,29640,3880
조도윤,18,남,60,23217,9682
장하준,48,남,30,1799,7449
임도윤,57,여,30,7667,6116
강수빈,20,남,60,9286,6654
강도윤,38,여,60,26868,9570
박예은,25,남,60,29154,9947
강현우,44,남,60,7986,8552
이현우,59,남,0,24603,1050
조윤서,56,여,7,772,5193
장민수,54,남,30,11282,5707
이수빈,32,남,7,11328,6663
조서연,47,남,15,12589,0644
이도윤,42,남,15,11961,7127
조지민,36,여,0,6019,3162
김지민,26,남,60,20888,0511
윤지후,49,남,0,23745,0239
윤현우,21,여,60,25271,2003
이하준,18,남,7,8913,7677
강민수,46,남,0,21496,1930
최민수,36,남,30,22060,2637
정지민,50,여,7,18930,1323
최현우,42,남,15,24964,9859
임서연,41,여,7,22904,1543
정민수,19,남,0,27103,3829
강서연,50,남,30,14140,0148
박윤서,45,여,60,3605,3311
장지후,49,여,30,29119,1532
